{
  "pre_calibration": {
    "ece": 0.0002421628089875454,
    "params": 0
  },
  "temperature_scaling": {
    "ece": 0.00024216860939917103,
    "temperature": 1.0002503395080566,
    "params": 1
  },
  "vector_scaling": {
    "ece": 0.00024216676016697224,
    "W": [
      0.9999821186065674,
      0.9998390674591064,
      0.9999254941940308
    ],
    "b": [
      -3.2063158869277686e-05,
      8.717498712940142e-05,
      -5.511235576705076e-05
    ],
    "params": 6
  },
  "platt_scaling": {
    "ece": 0.00016583154362567667,
    "preds_changed": 1,
    "params": 12
  }
}