{
  "fpb_50agree": {
    "finbert_tone": {
      "accuracy": 0.7926124638877424,
      "macro_f1": 0.7514663156186394
    },
    "modernfinbert": {
      "accuracy": 0.9713165497317375,
      "macro_f1": 0.9670512939176104
    },
    "gap_acc": 0.1787040858439951,
    "gap_f1": 0.21558497829897094,
    "n_samples": 4846
  },
  "fpb_allagree": {
    "finbert_tone": {
      "accuracy": 0.9169611307420494,
      "macro_f1": 0.8970731604515786
    },
    "modernfinbert": {
      "accuracy": 0.9969081272084805,
      "macro_f1": 0.9955730152719928
    },
    "gap_acc": 0.07994699646643111,
    "gap_f1": 0.09849985482041423,
    "n_samples": 2264
  },
  "agreement": {
    "both_right": 3784,
    "mfb_only": 923,
    "both_wrong": 82,
    "ft_only": 57
  }
}